{"stats":{"minecraft:custom":{"minecraft:time_since_rest":3956,"minecraft:sprint_one_cm":6387,"minecraft:play_time":3956,"minecraft:damage_taken":100,"minecraft:walk_one_cm":9672,"minecraft:sneak_time":11,"minecraft:mob_kills":1,"minecraft:jump":98,"minecraft:damage_dealt":118,"minecraft:leave_game":3,"minecraft:time_since_death":3956,"minecraft:total_world_time":3956,"minecraft:interact_with_crafting_table":2,"minecraft:fall_one_cm":5026,"minecraft:fly_one_cm":15574},"minecraft:killed":{"minecraft:sheep":1},"minecraft:used":{"minecraft:crafting_table":1,"minecraft:wooden_pickaxe":27},"minecraft:picked_up":{"minecraft:wheat_seeds":3,"minecraft:acacia_log":3,"minecraft:gray_wool":1,"minecraft:mutton":1,"minecraft:dirt":1,"minecraft:cobblestone":1},"minecraft:mined":{"minecraft:grass":18,"minecraft:acacia_log":3,"minecraft:grass_block":1,"minecraft:stone":1},"minecraft:crafted":{"minecraft:acacia_planks":12,"minecraft:crafting_table":1,"minecraft:stick":4,"minecraft:wooden_pickaxe":1}},"DataVersion":3465}