{"stats":{"minecraft:killed_by":{"minecraft:zombie":1,"minecraft:drowned":1},"minecraft:used":{"minecraft:crafting_table":1,"minecraft:wooden_pickaxe":30},"minecraft:killed":{"minecraft:sheep":1},"minecraft:custom":{"minecraft:time_since_rest":15100,"minecraft:play_time":26799,"minecraft:sprint_one_cm":11765,"minecraft:damage_taken":510,"minecraft:walk_one_cm":21077,"minecraft:deaths":2,"minecraft:sneak_time":33,"minecraft:walk_under_water_one_cm":4275,"minecraft:mob_kills":1,"minecraft:jump":201,"minecraft:damage_dealt":214,"minecraft:leave_game":11,"minecraft:time_since_death":15073,"minecraft:walk_on_water_one_cm":224,"minecraft:total_world_time":26799,"minecraft:swim_one_cm":5127,"minecraft:interact_with_crafting_table":2,"minecraft:fall_one_cm":9795,"minecraft:fly_one_cm":32957},"minecraft:crafted":{"minecraft:acacia_planks":16,"minecraft:crafting_table":1,"minecraft:stick":4,"minecraft:wooden_pickaxe":1},"minecraft:picked_up":{"minecraft:wheat_seeds":3,"minecraft:acacia_log":4,"minecraft:gray_wool":1,"minecraft:mutton":1,"minecraft:dirt":9,"minecraft:cobblestone":1},"minecraft:mined":{"minecraft:grass":27,"minecraft:acacia_log":4,"minecraft:grass_block":8,"minecraft:dirt":1,"minecraft:stone":1}},"DataVersion":3465}