{"stats":{"minecraft:custom":{"minecraft:time_since_rest":130,"minecraft:sprint_one_cm":6971,"minecraft:play_time":4646,"minecraft:deaths":1,"minecraft:damage_taken":240,"minecraft:walk_one_cm":9734,"minecraft:sneak_time":33,"minecraft:walk_under_water_one_cm":4275,"minecraft:mob_kills":1,"minecraft:jump":100,"minecraft:damage_dealt":175,"minecraft:walk_on_water_one_cm":94,"minecraft:leave_game":4,"minecraft:time_since_death":103,"minecraft:total_world_time":4646,"minecraft:swim_one_cm":5127,"minecraft:interact_with_crafting_table":2,"minecraft:fall_one_cm":5293,"minecraft:fly_one_cm":16879},"minecraft:killed":{"minecraft:sheep":1},"minecraft:killed_by":{"minecraft:drowned":1},"minecraft:mined":{"minecraft:grass":18,"minecraft:acacia_log":3,"minecraft:grass_block":1,"minecraft:stone":1},"minecraft:used":{"minecraft:crafting_table":1,"minecraft:wooden_pickaxe":30},"minecraft:crafted":{"minecraft:acacia_planks":12,"minecraft:crafting_table":1,"minecraft:stick":4,"minecraft:wooden_pickaxe":1},"minecraft:picked_up":{"minecraft:wheat_seeds":3,"minecraft:acacia_log":3,"minecraft:gray_wool":1,"minecraft:mutton":1,"minecraft:dirt":1,"minecraft:cobblestone":1}},"DataVersion":3465}